{"epoch": 0, "train_acc": 0.5, "validation_acc": 0.49625935162094764, "train_loss": 0.025602118819952013, "validation_loss": 0.026447606948843027, "_timestamp": 1673431884.1204724, "_runtime": 20.810149431228638, "_step": 0, "_wandb": {"runtime": 18}}