{"train_acc": 0.9735000133514404, "validation_acc": 0.9251870512962341, "best_accuracy": 0.9276807904243469, "train_loss": 0.0020847616251558065, "_timestamp": 1673568487.1953049, "_runtime": 1588.863208770752, "_step": 4, "_wandb": {"runtime": 1588}}