{"train_acc": 0.7985000014305115, "validation_acc": 0.6483790278434753, "best_accuracy": 0.6483790278434753, "train_loss": 0.013940447010099888, "_timestamp": 1674037336.0826309, "_runtime": 453.59495282173157, "_step": 4, "_wandb": {"runtime": 505}}