{"train_acc": 0.8585000038146973, "validation_acc": 0.8603491187095642, "best_accuracy": 0.8603491187095642, "train_loss": 0.014855779707431793, "_timestamp": 1673566888.097128, "_runtime": 1550.0131928920746, "_step": 4, "_wandb": {"runtime": 1549}}