{"epoch": 9, "train_acc": 0.6271684624330349, "train_loss": 0.3078724980572373, "val_acc": 0.6205694074547142, "val_loss": 0.4072234002729386, "_timestamp": 1673431424.7431793, "_runtime": 6.131130218505859, "_step": 8, "_wandb": {"runtime": 4}}