{"epoch": 14, "train_acc": 0.774631205450286, "train_loss": -0.20389686028960202, "val_acc": 0.8766884725811418, "val_loss": -0.07110555587709944, "_timestamp": 1673431445.8883119, "_runtime": 10.152888774871826, "_step": 13, "_wandb": {"runtime": 4}}