{"epoch": 0, "train_acc": 0.4964999854564667, "validation_acc": 0.5112219452857971, "best_accuracy": 0.5112219452857971, "train_loss": 0.30986300110816956, "_timestamp": 1673479762.6837802, "_runtime": 62.52619218826294, "_step": 0, "_wandb": {"runtime": 61}}