{"epoch": 1, "train_acc": 0.5, "validation_acc": 0.5037406483790524, "train_loss": 0.025555243611335755, "validation_loss": 0.026282578483781315, "_timestamp": 1673429368.137517, "_runtime": 33.051334857940674, "_step": 1, "_wandb": {"runtime": 32}}