{"train_acc": 0.9225000143051147, "validation_acc": 0.9127181768417358, "best_accuracy": 0.9127181768417358, "train_loss": 0.008145327679812908, "_timestamp": 1673565321.36942, "_runtime": 1540.5284399986267, "_step": 4, "_wandb": {"runtime": 1539}}