{"epoch": 2, "train_acc": 0.5189999938011169, "validation_acc": 0.5062344074249268, "best_accuracy": 0.5062344074249268, "train_loss": 0.011794740334153175, "_timestamp": 1673504649.329555, "_runtime": 11812.200617074966, "_step": 2}