{"epoch": 9, "train_acc": 0.6042275375166848, "train_loss": 0.39582753668954423, "val_acc": 0.633655376932753, "val_loss": 0.43775648562338365, "_timestamp": 1673431482.9589438, "_runtime": 7.007638931274414, "_step": 8, "_wandb": {"runtime": 5}}