{"epoch": 0, "train_acc": 0.4984999895095825, "validation_acc": 0.4962593615055084, "best_accuracy": 0.4962593615055084, "train_loss": 0.05482814460992813, "_timestamp": 1673479810.4730198, "_runtime": 36.351637840270996, "_step": 0, "_wandb": {"runtime": 35}}