{"train_acc": 0.847000002861023, "validation_acc": 0.8403990268707275, "best_accuracy": 0.8403990268707275, "train_loss": 0.015324004925787449, "_timestamp": 1673570053.2329311, "_runtime": 1549.6645531654358, "_step": 4, "_wandb": {"runtime": 1549}}