{"epoch": 4, "train_acc": 0.4411044813595615, "train_loss": 0.8093081153781088, "val_acc": 0.31179704901411476, "val_loss": 0.9255376239239772, "_timestamp": 1673431465.5316167, "_runtime": 6.881987571716309, "_step": 3, "_wandb": {"runtime": 5}}